[
  {
    "id": "9957fd94-648f-452d-92fb-e9eca1eb95f0",
    "data": [
      {
        "text": "conducir",
        "userDefined": false
      }
    ],
    "isTemplate": false,
    "count": 0,
    "updated": 0
  },
  {
    "id": "0278218d-ddd0-44a0-bd4c-f9c7467c9914",
    "data": [
      {
        "text": "puntos",
        "userDefined": false
      }
    ],
    "isTemplate": false,
    "count": 0,
    "updated": 0
  },
  {
    "id": "5ec54bfd-ac4c-4d7f-8947-f0765880d09e",
    "data": [
      {
        "text": "recurrir",
        "userDefined": false
      }
    ],
    "isTemplate": false,
    "count": 0,
    "updated": 0
  },
  {
    "id": "a0840188-18d7-4f50-936c-4851be644746",
    "data": [
      {
        "text": "coche",
        "userDefined": false
      }
    ],
    "isTemplate": false,
    "count": 0,
    "updated": 0
  },
  {
    "id": "c1fd69ff-a980-4021-8bfa-2a7045acbf2e",
    "data": [
      {
        "text": "tráfico",
        "userDefined": false
      }
    ],
    "isTemplate": false,
    "count": 0,
    "updated": 0
  },
  {
    "id": "bcddccf6-a3a9-4a67-b7a7-3a1f73c8cd71",
    "data": [
      {
        "text": "multa",
        "userDefined": false
      }
    ],
    "isTemplate": false,
    "count": 0,
    "updated": 0
  }
]