[
  {
    "id": "23d16455-bed3-43c5-974e-52bd3c26598a",
    "data": [
      {
        "text": "deuda",
        "userDefined": false
      }
    ],
    "isTemplate": false,
    "count": 0,
    "updated": 0
  },
  {
    "id": "815cf9eb-29f5-4386-a9a7-c61d0be9f9d7",
    "data": [
      {
        "text": "pago",
        "userDefined": false
      }
    ],
    "isTemplate": false,
    "count": 1,
    "updated": 0
  },
  {
    "id": "f0b306ac-2de6-41a1-88d4-78976a7c8fad",
    "data": [
      {
        "text": "requerimiento",
        "userDefined": false
      }
    ],
    "isTemplate": false,
    "count": 0,
    "updated": 0
  },
  {
    "id": "2f65af0c-0c20-4959-9e00-b4fa7600c9ef",
    "data": [
      {
        "text": "tengo que ",
        "userDefined": false
      },
      {
        "text": "pagar",
        "meta": "@sys.ignore",
        "userDefined": false
      }
    ],
    "isTemplate": false,
    "count": 0,
    "updated": 0
  },
  {
    "id": "9698dffd-e8be-48ef-8ea8-577be2374bee",
    "data": [
      {
        "text": "tengo que hacer ",
        "userDefined": false
      },
      {
        "text": "un",
        "meta": "@sys.ignore",
        "userDefined": false
      },
      {
        "text": " ",
        "userDefined": false
      },
      {
        "text": "pago",
        "meta": "@sys.ignore",
        "userDefined": false
      }
    ],
    "isTemplate": false,
    "count": 0,
    "updated": 0
  },
  {
    "id": "99038f9a-78dd-4308-9cc3-fbed5ffb5710",
    "data": [
      {
        "text": "pagar",
        "meta": "@sys.ignore",
        "userDefined": false
      }
    ],
    "isTemplate": false,
    "count": 0,
    "updated": 0
  }
]