[
  {
    "id": "c6775e34-af5f-45d7-8322-548ece9fb509",
    "data": [
      {
        "text": "quiero divorciarme",
        "userDefined": false
      }
    ],
    "isTemplate": false,
    "count": 0,
    "updated": 0
  },
  {
    "id": "f86fead4-dae0-4e43-9aec-6c9d4e4b1280",
    "data": [
      {
        "text": "estoy separado",
        "userDefined": false
      }
    ],
    "isTemplate": false,
    "count": 0,
    "updated": 0
  },
  {
    "id": "f72ab7bf-dca6-41c3-b02a-2111dddf7b91",
    "data": [
      {
        "text": "divorciado",
        "userDefined": false
      }
    ],
    "isTemplate": false,
    "count": 0,
    "updated": 0
  },
  {
    "id": "20037380-efcb-42b0-8bc4-619e0406c871",
    "data": [
      {
        "text": "exmujer",
        "userDefined": false
      }
    ],
    "isTemplate": false,
    "count": 0,
    "updated": 0
  },
  {
    "id": "d5c75641-d3b5-43cc-a542-2f7be15fb6dd",
    "data": [
      {
        "text": "gananciales",
        "userDefined": false
      }
    ],
    "isTemplate": false,
    "count": 0,
    "updated": 0
  },
  {
    "id": "d9f651a7-e766-47ce-be5e-c35bbbe04925",
    "data": [
      {
        "text": "bienes",
        "userDefined": false
      }
    ],
    "isTemplate": false,
    "count": 0,
    "updated": 0
  },
  {
    "id": "f00e154a-67f4-46e9-a407-056ab1fdd9ce",
    "data": [
      {
        "text": "Estoy divorciado",
        "userDefined": false
      }
    ],
    "isTemplate": false,
    "count": 0,
    "updated": 0
  }
]